{
  "trial_index": 23,
  "trial_name": "Subj12_walk_09_segment_2",
  "num_frames": 2000,
  "timestep": 0.00999841872232764,
  "frame_rate": 100.01581527755812,
  "duration_seconds": 19.99683744465528
}