{
  "trial_index": 37,
  "trial_name": "Subj09_walk_54_segment_2",
  "num_frames": 1995,
  "timestep": 0.009998331943286072,
  "frame_rate": 100.01668335001668,
  "duration_seconds": 19.946672226855714
}