{
  "trial_index": 39,
  "trial_name": "Subj12_walk_54_segment_1",
  "num_frames": 2000,
  "timestep": 0.009998338042213728,
  "frame_rate": 100.01662234042553,
  "duration_seconds": 19.996676084427456
}