{
  "trial_index": 32,
  "trial_name": "Subj04_walk_27_segment_3",
  "num_frames": 220,
  "timestep": 0.009998392282958199,
  "frame_rate": 100.01607975558773,
  "duration_seconds": 2.1996463022508035
}