{
  "trial_index": 30,
  "trial_name": "Subj04_walk_27_segment_1",
  "num_frames": 2000,
  "timestep": 0.009998392282958199,
  "frame_rate": 100.01607975558773,
  "duration_seconds": 19.996784565916396
}