{
  "trial_index": 28,
  "trial_name": "Subj07_walk_36_segment_0",
  "num_frames": 2000,
  "timestep": 0.009998324115971175,
  "frame_rate": 100.0167616493463,
  "duration_seconds": 19.99664823194235
}