{
  "trial_index": 34,
  "trial_name": "Subj08_walk_45_segment_2",
  "num_frames": 1988,
  "timestep": 0.009998329993319973,
  "frame_rate": 100.0167028561884,
  "duration_seconds": 19.876680026720106
}