{
  "trial_index": 35,
  "trial_name": "Subj08_walk_54_segment_0",
  "num_frames": 2000,
  "timestep": 0.00999831081081081,
  "frame_rate": 100.01689474573408,
  "duration_seconds": 19.99662162162162
}