{
  "trial_index": 21,
  "trial_name": "SC_ngait_og8_segment_0",
  "num_frames": 298,
  "timestep": 0.008305369127516778,
  "frame_rate": 120.4040404040404,
  "duration_seconds": 2.475
}