{
  "trial_index": 22,
  "trial_name": "walkingTS3_segment_0",
  "num_frames": 154,
  "timestep": 0.009935064935064936,
  "frame_rate": 100.65359477124183,
  "duration_seconds": 1.53
}