{
  "trial_index": 24,
  "trial_name": "Subj12_walk_09_segment_3",
  "num_frames": 324,
  "timestep": 0.00999841872232764,
  "frame_rate": 100.01581527755812,
  "duration_seconds": 3.2394876660341554
}