{
  "trial_index": 10,
  "trial_name": "DM_tsgait_1_segment_0",
  "num_frames": 691,
  "timestep": 0.004992764109985529,
  "frame_rate": 200.28985507246375,
  "duration_seconds": 3.45
}