{
  "trial_index": 21,
  "trial_name": "walkingTS2_segment_0",
  "num_frames": 181,
  "timestep": 0.00994475138121547,
  "frame_rate": 100.55555555555554,
  "duration_seconds": 1.8000000000000003
}