{
  "trial_index": 14,
  "trial_name": "DM_mtpgait6_segment_0",
  "num_frames": 474,
  "timestep": 0.008315759493670886,
  "frame_rate": 120.2535980942088,
  "duration_seconds": 3.9416700000000002
}