{
  "trial_index": 30,
  "trial_name": "Subj11_walk_36_segment_1",
  "num_frames": 2000,
  "timestep": 0.009998305084745761,
  "frame_rate": 100.0169520257671,
  "duration_seconds": 19.99661016949152
}