{
  "trial_index": 15,
  "trial_name": "DM_ngait_og3_segment_0",
  "num_frames": 301,
  "timestep": 0.008305647840531562,
  "frame_rate": 120.39999999999999,
  "duration_seconds": 2.5
}