{
  "trial_index": 33,
  "trial_name": "Subj08_walk_45_segment_1",
  "num_frames": 2000,
  "timestep": 0.009998329993319973,
  "frame_rate": 100.0167028561884,
  "duration_seconds": 19.996659986639948
}