{
  "trial_index": 24,
  "trial_name": "Subj07_walk_18_segment_2",
  "num_frames": 2000,
  "timestep": 0.009998340248962654,
  "frame_rate": 100.01660026560427,
  "duration_seconds": 19.996680497925308
}