{
  "trial_index": 34,
  "trial_name": "Subj09_walk_45_segment_2",
  "num_frames": 1986,
  "timestep": 0.009998329435349148,
  "frame_rate": 100.01670843776107,
  "duration_seconds": 19.856682258603406
}