{
  "trial_index": 22,
  "trial_name": "walkingTS3_segment_0",
  "num_frames": 146,
  "timestep": 0.009931506849315068,
  "frame_rate": 100.68965517241381,
  "duration_seconds": 1.45
}