{
  "trial_index": 13,
  "trial_name": "SC_mtpgait1_segment_0",
  "num_frames": 318,
  "timestep": 0.008307138364779873,
  "frame_rate": 120.37839699886815,
  "duration_seconds": 2.6416699999999995
}