{
  "trial_index": 39,
  "trial_name": "jw_wpgait_lw5_segment_0",
  "num_frames": 289,
  "timestep": 0.008304498269896193,
  "frame_rate": 120.41666666666669,
  "duration_seconds": 2.3999999999999995
}