{
  "trial_index": 26,
  "trial_name": "Subj11_walk_18_segment_1",
  "num_frames": 2000,
  "timestep": 0.009998312805803948,
  "frame_rate": 100.01687478906513,
  "duration_seconds": 19.996625611607897
}