{
  "trial_index": 38,
  "trial_name": "Subj06_walk_54_segment_2",
  "num_frames": 1937,
  "timestep": 0.009998315647633484,
  "frame_rate": 100.016846361186,
  "duration_seconds": 19.366737409466058
}