{
  "trial_index": 46,
  "trial_name": "jw_wpgait_sn4_segment_0",
  "num_frames": 262,
  "timestep": 0.008308435114503817,
  "frame_rate": 120.35960878533265,
  "duration_seconds": 2.17681
}