{
  "trial_index": 21,
  "trial_name": "Subj10_walk_09_segment_2",
  "num_frames": 1897,
  "timestep": 0.009998304222486008,
  "frame_rate": 100.01696065128903,
  "duration_seconds": 18.966783110055957
}