{
  "trial_index": 13,
  "trial_name": "DM_tsgait_7_segment_0",
  "num_frames": 471,
  "timestep": 0.004993324432576769,
  "frame_rate": 200.2673796791444,
  "duration_seconds": 2.351855807743658
}