{
  "trial_index": 3,
  "trial_name": "DM_mtgait_5_segment_0",
  "num_frames": 556,
  "timestep": 0.004994600431965443,
  "frame_rate": 200.21621621621622,
  "duration_seconds": 2.776997840172786
}