{
  "trial_index": 21,
  "trial_name": "walkingTS2_segment_0",
  "num_frames": 149,
  "timestep": 0.009932885906040268,
  "frame_rate": 100.67567567567568,
  "duration_seconds": 1.48
}