{
  "trial_index": 20,
  "trial_name": "walking3_segment_0",
  "num_frames": 138,
  "timestep": 0.00992753623188406,
  "frame_rate": 100.72992700729925,
  "duration_seconds": 1.37
}