{
  "trial_index": 29,
  "trial_name": "Subj08_walk_36_segment_0",
  "num_frames": 2000,
  "timestep": 0.009998317348140669,
  "frame_rate": 100.01682935038708,
  "duration_seconds": 19.996634696281337
}