{
  "trial_index": 27,
  "trial_name": "jw_ngait_og2_segment_0",
  "num_frames": 265,
  "timestep": 0.00830188679245283,
  "frame_rate": 120.45454545454545,
  "duration_seconds": 2.2
}