{
  "trial_index": 21,
  "trial_name": "Subj08_walk_09_segment_2",
  "num_frames": 2000,
  "timestep": 0.009998351195383346,
  "frame_rate": 100.01649076517151,
  "duration_seconds": 19.996702390766693
}