{
  "trial_index": 17,
  "trial_name": "walking3_segment_0",
  "num_frames": 145,
  "timestep": 0.00993103448275862,
  "frame_rate": 100.69444444444446,
  "duration_seconds": 1.44
}