{
  "trial_index": 1,
  "trial_name": "DM_mtgait_3_segment_0",
  "num_frames": 555,
  "timestep": 0.004994462901439645,
  "frame_rate": 200.2217294900222,
  "duration_seconds": 2.771926910299003
}