{
  "trial_index": 34,
  "trial_name": "Subj04_walk_36_segment_1",
  "num_frames": 2000,
  "timestep": 0.00999855428654041,
  "frame_rate": 100.01445922498553,
  "duration_seconds": 19.99710857308082
}