{
  "trial_index": 37,
  "trial_name": "Subj08_walk_54_segment_2",
  "num_frames": 1920,
  "timestep": 0.00999831081081081,
  "frame_rate": 100.01689474573408,
  "duration_seconds": 19.196756756756756
}