{
  "trial_index": 20,
  "trial_name": "walkingTS1_segment_0",
  "num_frames": 197,
  "timestep": 0.009949238578680204,
  "frame_rate": 100.51020408163265,
  "duration_seconds": 1.9600000000000002
}