{
  "trial_index": 20,
  "trial_name": "SC_ngait_og7_segment_0",
  "num_frames": 300,
  "timestep": 0.008305566666666667,
  "frame_rate": 120.40117672083382,
  "duration_seconds": 2.49167
}