{
  "trial_index": 35,
  "trial_name": "SC_wpgait_s5_segment_0",
  "num_frames": 286,
  "timestep": 0.008304195804195804,
  "frame_rate": 120.42105263157895,
  "duration_seconds": 2.375
}