{
  "trial_index": 1,
  "trial_name": "PS_ngait_tmf_ss1HS_segment_1",
  "num_frames": 928,
  "timestep": 0.008330487363387977,
  "frame_rate": 120.04099596800827,
  "duration_seconds": 7.730692273224043
}