{
  "trial_index": 30,
  "trial_name": "Subj06_walk_36_segment_1",
  "num_frames": 2000,
  "timestep": 0.009998372925479986,
  "frame_rate": 100.01627339300245,
  "duration_seconds": 19.99674585095997
}