{
  "trial_index": 44,
  "trial_name": "Subj04_walk_54_segment_3",
  "num_frames": 684,
  "timestep": 0.009998503889886295,
  "frame_rate": 100.01496333981746,
  "duration_seconds": 6.838976660682226
}