{
  "trial_index": 27,
  "trial_name": "Subj11_walk_18_segment_2",
  "num_frames": 1927,
  "timestep": 0.009998312805803948,
  "frame_rate": 100.01687478906513,
  "duration_seconds": 19.26674877678421
}