{
  "trial_index": 24,
  "trial_name": "Subj06_walk_18_segment_2",
  "num_frames": 2000,
  "timestep": 0.009998718277364779,
  "frame_rate": 100.01281886937572,
  "duration_seconds": 19.997436554729557
}