{
  "trial_index": 32,
  "trial_name": "Subj07_walk_45_segment_1",
  "num_frames": 2000,
  "timestep": 0.009998354451209479,
  "frame_rate": 100.01645819618169,
  "duration_seconds": 19.99670890241896
}