{
  "trial_index": 21,
  "trial_name": "walkingTS2_segment_0",
  "num_frames": 141,
  "timestep": 0.009929078014184396,
  "frame_rate": 100.71428571428572,
  "duration_seconds": 1.4
}