{
  "trial_index": 27,
  "trial_name": "Subj09_walk_27_segment_1",
  "num_frames": 2000,
  "timestep": 0.009998280900807977,
  "frame_rate": 100.01719394773039,
  "duration_seconds": 19.996561801615954
}