{
  "trial_index": 9,
  "trial_name": "DM_ngait_4_segment_0",
  "num_frames": 577,
  "timestep": 0.004994897959183674,
  "frame_rate": 200.20429009193052,
  "duration_seconds": 2.88205612244898
}