{
  "trial_index": 22,
  "trial_name": "walk_slow_1_segment_3",
  "num_frames": 2000,
  "timestep": 0.003999866666666667,
  "frame_rate": 250.00833361112038,
  "duration_seconds": 7.999733333333333
}