{
  "trial_index": 32,
  "trial_name": "SC_wpgait_l5_segment_0",
  "num_frames": 284,
  "timestep": 0.008303978873239437,
  "frame_rate": 120.42419847943246,
  "duration_seconds": 2.35833
}