{
  "trial_index": 0,
  "trial_name": "DM_mtgait_10_segment_0",
  "num_frames": 529,
  "timestep": 0.004994011976047904,
  "frame_rate": 200.2398081534772,
  "duration_seconds": 2.6418323353293416
}