{
  "trial_index": 27,
  "trial_name": "Subj10_walk_27_segment_2",
  "num_frames": 1885,
  "timestep": 0.009998300764655904,
  "frame_rate": 100.01699524133242,
  "duration_seconds": 18.84679694137638
}