{
  "trial_index": 37,
  "trial_name": "Subj05_walk_45_segment_2",
  "num_frames": 2000,
  "timestep": 0.009998370539351474,
  "frame_rate": 100.01629726205998,
  "duration_seconds": 19.99674107870295
}