{
  "trial_index": 25,
  "trial_name": "Subj09_walk_18_segment_2",
  "num_frames": 1953,
  "timestep": 0.009998320174701831,
  "frame_rate": 100.01680107526882,
  "duration_seconds": 19.526719301192674
}