{
  "trial_index": 4,
  "trial_name": "DM_mtgait_6_segment_0",
  "num_frames": 564,
  "timestep": 0.004994612068965517,
  "frame_rate": 200.21574973031284,
  "duration_seconds": 2.8169612068965515
}