{
  "trial_index": 17,
  "trial_name": "SC_mtpgait6_segment_0",
  "num_frames": 278,
  "timestep": 0.008303345323741008,
  "frame_rate": 120.4333869074179,
  "duration_seconds": 2.30833
}