{
  "trial_index": 32,
  "trial_name": "Subj09_walk_45_segment_0",
  "num_frames": 2000,
  "timestep": 0.009998329435349148,
  "frame_rate": 100.01670843776107,
  "duration_seconds": 19.996658870698294
}