{
  "trial_index": 22,
  "trial_name": "jw_mtpgait4_segment_0",
  "num_frames": 272,
  "timestep": 0.008302683823529411,
  "frame_rate": 120.44298220366377,
  "duration_seconds": 2.25833
}