{
  "trial_index": 0,
  "trial_name": "PS_ngait_tmf_ss1HS_segment_0",
  "num_frames": 2000,
  "timestep": 0.008330487363387977,
  "frame_rate": 120.04099596800827,
  "duration_seconds": 16.660974726775954
}