{
  "trial_index": 14,
  "trial_name": "DM_tsgait_8_segment_0",
  "num_frames": 456,
  "timestep": 0.00499290780141844,
  "frame_rate": 200.2840909090909,
  "duration_seconds": 2.2767659574468087
}