{
  "trial_index": 34,
  "trial_name": "Subj07_walk_45_segment_3",
  "num_frames": 77,
  "timestep": 0.009998354451209479,
  "frame_rate": 100.01645819618169,
  "duration_seconds": 0.7698732927431299
}