{
  "trial_index": 27,
  "trial_name": "Subj05_walk_27_segment_0",
  "num_frames": 2000,
  "timestep": 0.009998297872340425,
  "frame_rate": 100.01702417432755,
  "duration_seconds": 19.99659574468085
}