{
  "trial_index": 5,
  "trial_name": "DM_ngait_10_segment_0",
  "num_frames": 590,
  "timestep": 0.004994553376906318,
  "frame_rate": 200.21810250817884,
  "duration_seconds": 2.946786492374728
}