{
  "trial_index": 26,
  "trial_name": "Subj05_walk_18_segment_3",
  "num_frames": 1354,
  "timestep": 0.009998640195811804,
  "frame_rate": 100.01359989120087,
  "duration_seconds": 13.538158825129182
}