{
  "trial_index": 11,
  "trial_name": "DM_tsgait_2_segment_0",
  "num_frames": 550,
  "timestep": 0.004994239631336405,
  "frame_rate": 200.23068050749714,
  "duration_seconds": 2.7468317972350227
}