{
  "trial_index": 34,
  "trial_name": "Subj05_walk_36_segment_4",
  "num_frames": 185,
  "timestep": 0.009998778252901649,
  "frame_rate": 100.01221896383187,
  "duration_seconds": 1.849773976786805
}