{
  "trial_index": 25,
  "trial_name": "Subj04_walk_18_segment_0",
  "num_frames": 2000,
  "timestep": 0.009998342449859109,
  "frame_rate": 100.01657824933686,
  "duration_seconds": 19.99668489971822
}