{
  "trial_index": 24,
  "trial_name": "Subj08_walk_18_segment_2",
  "num_frames": 2000,
  "timestep": 0.009998387356877922,
  "frame_rate": 100.01612903225806,
  "duration_seconds": 19.996774713755844
}