{
  "trial_index": 20,
  "trial_name": "walking2_segment_0",
  "num_frames": 131,
  "timestep": 0.009923664122137405,
  "frame_rate": 100.76923076923077,
  "duration_seconds": 1.3
}