{
  "trial_index": 29,
  "trial_name": "Subj11_walk_27_segment_2",
  "num_frames": 1957,
  "timestep": 0.009998321302669129,
  "frame_rate": 100.01678979180659,
  "duration_seconds": 19.566714789323484
}