{
  "trial_index": 7,
  "trial_name": "DM_ngait_12_segment_0",
  "num_frames": 579,
  "timestep": 0.004994152046783626,
  "frame_rate": 200.2341920374707,
  "duration_seconds": 2.8916140350877195
}