{
  "trial_index": 42,
  "trial_name": "jw_wpgait_lw8_segment_0",
  "num_frames": 288,
  "timestep": 0.008304409722222222,
  "frame_rate": 120.4179506370026,
  "duration_seconds": 2.39167
}