{
  "trial_index": 16,
  "trial_name": "DM_ngait_og4_segment_0",
  "num_frames": 373,
  "timestep": 0.008310991957104557,
  "frame_rate": 120.3225806451613,
  "duration_seconds": 3.0999999999999996
}