{
  "trial_index": 21,
  "trial_name": "walking3_segment_0",
  "num_frames": 133,
  "timestep": 0.009924812030075189,
  "frame_rate": 100.75757575757575,
  "duration_seconds": 1.32
}