{
  "trial_index": 18,
  "trial_name": "walking1_segment_0",
  "num_frames": 132,
  "timestep": 0.009924242424242424,
  "frame_rate": 100.76335877862596,
  "duration_seconds": 1.31
}