{
  "trial_index": 38,
  "trial_name": "Subj07_walk_54_segment_3",
  "num_frames": 235,
  "timestep": 0.009998396150761828,
  "frame_rate": 100.01604106512673,
  "duration_seconds": 2.34962309542903
}