{
  "trial_index": 52,
  "trial_name": "jw_wpgait_sw12_segment_0",
  "num_frames": 304,
  "timestep": 0.008305921052631579,
  "frame_rate": 120.3960396039604,
  "duration_seconds": 2.525
}