{
  "trial_index": 30,
  "trial_name": "Subj07_walk_36_segment_2",
  "num_frames": 1967,
  "timestep": 0.009998324115971175,
  "frame_rate": 100.0167616493463,
  "duration_seconds": 19.6667035361153
}