{
  "trial_index": 49,
  "trial_name": "jw_wpgait_sn8_segment_0",
  "num_frames": 268,
  "timestep": 0.00830223880597015,
  "frame_rate": 120.44943820224718,
  "duration_seconds": 2.225
}