{
  "trial_index": 53,
  "trial_name": "jw_wpgait_sw2_segment_0",
  "num_frames": 287,
  "timestep": 0.008304285714285714,
  "frame_rate": 120.41974883880957,
  "duration_seconds": 2.38333
}