{
  "trial_index": 30,
  "trial_name": "Subj09_walk_36_segment_1",
  "num_frames": 2000,
  "timestep": 0.009998300186979432,
  "frame_rate": 100.0170010200612,
  "duration_seconds": 19.996600373958863
}