{
  "trial_index": 6,
  "trial_name": "DM_ngait_11_segment_0",
  "num_frames": 550,
  "timestep": 0.004993887530562347,
  "frame_rate": 200.24479804161567,
  "duration_seconds": 2.746638141809291
}