{
  "trial_index": 41,
  "trial_name": "jw_wpgait_lw7_segment_0",
  "num_frames": 269,
  "timestep": 0.008302342007434944,
  "frame_rate": 120.44794096707608,
  "duration_seconds": 2.23333
}