{
  "trial_index": 35,
  "trial_name": "Subj12_walk_45_segment_0",
  "num_frames": 2000,
  "timestep": 0.009998333888703765,
  "frame_rate": 100.01666388935178,
  "duration_seconds": 19.99666777740753
}