{
  "trial_index": 28,
  "trial_name": "Subj09_walk_27_segment_2",
  "num_frames": 1817,
  "timestep": 0.009998280900807977,
  "frame_rate": 100.01719394773039,
  "duration_seconds": 18.166876396768092
}