{
  "trial_index": 40,
  "trial_name": "Subj04_walk_45_segment_3",
  "num_frames": 845,
  "timestep": 0.00999853907962016,
  "frame_rate": 100.01461133839861,
  "duration_seconds": 8.448765522279036
}