{
  "trial_index": 48,
  "trial_name": "jw_wpgait_sn7_segment_0",
  "num_frames": 280,
  "timestep": 0.00830357142857143,
  "frame_rate": 120.43010752688171,
  "duration_seconds": 2.325
}