{
  "trial_index": 19,
  "trial_name": "SC_ngait_og6_segment_0",
  "num_frames": 281,
  "timestep": 0.00830370106761566,
  "frame_rate": 120.42822734792185,
  "duration_seconds": 2.33334
}