{
  "trial_index": 43,
  "trial_name": "jw_wpgait_sn1_segment_0",
  "num_frames": 285,
  "timestep": 0.008304105263157896,
  "frame_rate": 120.42236560230195,
  "duration_seconds": 2.36667
}