{
  "trial_index": 26,
  "trial_name": "jw_ngait_og1_segment_0",
  "num_frames": 326,
  "timestep": 0.00830776073619632,
  "frame_rate": 120.36937891615865,
  "duration_seconds": 2.70833
}