{
  "trial_index": 20,
  "trial_name": "walkingTS3_segment_0",
  "num_frames": 135,
  "timestep": 0.009925925925925927,
  "frame_rate": 100.74626865671641,
  "duration_seconds": 1.34
}