{
  "trial_index": 28,
  "trial_name": "Subj10_walk_36_segment_0",
  "num_frames": 2000,
  "timestep": 0.009998326079678608,
  "frame_rate": 100.01674200569228,
  "duration_seconds": 19.996652159357215
}