{
  "trial_index": 44,
  "trial_name": "jw_wpgait_sn10_segment_0",
  "num_frames": 295,
  "timestep": 0.008312,
  "frame_rate": 120.30798845043311,
  "duration_seconds": 2.4520399999999998
}