{
  "trial_index": 36,
  "trial_name": "Subj04_walk_36_segment_3",
  "num_frames": 917,
  "timestep": 0.00999855428654041,
  "frame_rate": 100.01445922498553,
  "duration_seconds": 9.168674280757555
}