{
  "trial_index": 50,
  "trial_name": "jw_wpgait_sw1_segment_0",
  "num_frames": 237,
  "timestep": 0.008298185654008439,
  "frame_rate": 120.50827032496555,
  "duration_seconds": 1.9666700000000001
}