{
  "trial_index": 28,
  "trial_name": "Subj12_walk_18_segment_3",
  "num_frames": 122,
  "timestep": 0.009998366546880104,
  "frame_rate": 100.01633719980396,
  "duration_seconds": 1.2198007187193727
}