{
  "trial_index": 24,
  "trial_name": "Subj04_walk_09_segment_3",
  "num_frames": 402,
  "timestep": 0.009998437988128711,
  "frame_rate": 100.01562255897514,
  "duration_seconds": 4.019372071227742
}