{
  "trial_index": 16,
  "trial_name": "DM_wpgait_12_segment_0",
  "num_frames": 632,
  "timestep": 0.0049920886075949375,
  "frame_rate": 200.3169572107765,
  "duration_seconds": 3.1550000000000007
}