{
  "trial_index": 13,
  "trial_name": "DM_mtpgait4_segment_0",
  "num_frames": 455,
  "timestep": 0.008315010989010989,
  "frame_rate": 120.26442314046092,
  "duration_seconds": 3.78333
}