{
  "trial_index": 17,
  "trial_name": "walking1_segment_0",
  "num_frames": 139,
  "timestep": 0.009928057553956834,
  "frame_rate": 100.72463768115942,
  "duration_seconds": 1.38
}