{
  "trial_index": 28,
  "trial_name": "Subj04_walk_18_segment_3",
  "num_frames": 33,
  "timestep": 0.009998342449859109,
  "frame_rate": 100.01657824933686,
  "duration_seconds": 0.32994530084535056
}