{
  "trial_index": 55,
  "trial_name": "jw_wpgait_sw8_segment_0",
  "num_frames": 283,
  "timestep": 0.008303886925795053,
  "frame_rate": 120.42553191489361,
  "duration_seconds": 2.35
}