{
  "trial_index": 23,
  "trial_name": "Subj04_walk_09_segment_2",
  "num_frames": 2000,
  "timestep": 0.009998437988128711,
  "frame_rate": 100.01562255897514,
  "duration_seconds": 19.996875976257424
}