{
  "trial_index": 30,
  "trial_name": "Subj10_walk_36_segment_2",
  "num_frames": 1974,
  "timestep": 0.009998326079678608,
  "frame_rate": 100.01674200569228,
  "duration_seconds": 19.73669568128557
}