{
  "trial_index": 17,
  "trial_name": "DM_ngait_og5_segment_0",
  "num_frames": 341,
  "timestep": 0.008308885630498534,
  "frame_rate": 120.35308276833267,
  "duration_seconds": 2.83333
}