{
  "trial_index": 27,
  "trial_name": "Subj08_walk_27_segment_1",
  "num_frames": 2000,
  "timestep": 0.009998320174701831,
  "frame_rate": 100.01680107526882,
  "duration_seconds": 19.996640349403663
}