{
  "trial_index": 29,
  "trial_name": "Subj12_walk_27_segment_0",
  "num_frames": 2000,
  "timestep": 0.009998338318378198,
  "frame_rate": 100.01661957786273,
  "duration_seconds": 19.996676636756394
}