{
  "trial_index": 31,
  "trial_name": "Subj08_walk_36_segment_2",
  "num_frames": 1943,
  "timestep": 0.009998317348140669,
  "frame_rate": 100.01682935038708,
  "duration_seconds": 19.42673060743732
}