{
  "trial_index": 18,
  "trial_name": "walking2_segment_0",
  "num_frames": 136,
  "timestep": 0.009926470588235295,
  "frame_rate": 100.74074074074073,
  "duration_seconds": 1.35
}