{
  "trial_index": 22,
  "trial_name": "Subj09_walk_09_segment_2",
  "num_frames": 1918,
  "timestep": 0.009998310239945928,
  "frame_rate": 100.01690045631233,
  "duration_seconds": 19.17675904021629
}