{
  "trial_index": 33,
  "trial_name": "Subj05_walk_36_segment_3",
  "num_frames": 2000,
  "timestep": 0.009998778252901649,
  "frame_rate": 100.01221896383187,
  "duration_seconds": 19.9975565058033
}