{
  "trial_index": 47,
  "trial_name": "jw_wpgait_sn6_segment_0",
  "num_frames": 266,
  "timestep": 0.008308947368421051,
  "frame_rate": 120.35218850953318,
  "duration_seconds": 2.21018
}