{
  "trial_index": 12,
  "trial_name": "DM_mtpgait3_segment_0",
  "num_frames": 424,
  "timestep": 0.008313679245283019,
  "frame_rate": 120.28368794326241,
  "duration_seconds": 3.525
}