{
  "trial_index": 31,
  "trial_name": "Subj09_walk_36_segment_2",
  "num_frames": 1883,
  "timestep": 0.009998300186979432,
  "frame_rate": 100.0170010200612,
  "duration_seconds": 18.82679925208227
}