{
  "trial_index": 41,
  "trial_name": "Subj04_walk_54_segment_0",
  "num_frames": 2000,
  "timestep": 0.009998503889886295,
  "frame_rate": 100.01496333981746,
  "duration_seconds": 19.99700777977259
}