{
  "trial_index": 22,
  "trial_name": "walkingTS1_segment_0",
  "num_frames": 150,
  "timestep": 0.009933333333333334,
  "frame_rate": 100.67114093959731,
  "duration_seconds": 1.49
}