{
  "trial_index": 20,
  "trial_name": "jw_mtpgait2_segment_0",
  "num_frames": 290,
  "timestep": 0.008304586206896551,
  "frame_rate": 120.41539157839665,
  "duration_seconds": 2.40833
}