{
  "trial_index": 18,
  "trial_name": "SC_ngait_og5_segment_0",
  "num_frames": 349,
  "timestep": 0.00830945558739255,
  "frame_rate": 120.3448275862069,
  "duration_seconds": 2.9
}