{
  "trial_index": 35,
  "trial_name": "Subj09_walk_54_segment_0",
  "num_frames": 2000,
  "timestep": 0.009998331943286072,
  "frame_rate": 100.01668335001668,
  "duration_seconds": 19.996663886572144
}