{
  "trial_index": 21,
  "trial_name": "jw_mtpgait3_segment_0",
  "num_frames": 267,
  "timestep": 0.008302134831460674,
  "frame_rate": 120.45094669030573,
  "duration_seconds": 2.2166699999999997
}