{
  "trial_index": 19,
  "trial_name": "Subj10_walk_09_segment_0",
  "num_frames": 2000,
  "timestep": 0.009998304222486008,
  "frame_rate": 100.01696065128903,
  "duration_seconds": 19.996608444972015
}