{
  "trial_index": 21,
  "trial_name": "Subj07_walk_09_segment_2",
  "num_frames": 2000,
  "timestep": 0.009998342449859109,
  "frame_rate": 100.01657824933686,
  "duration_seconds": 19.99668489971822
}