{
  "trial_index": 56,
  "trial_name": "jw_wpgait_sw9_segment_0",
  "num_frames": 300,
  "timestep": 0.008305566666666667,
  "frame_rate": 120.40117672083382,
  "duration_seconds": 2.49167
}