{
  "trial_index": 28,
  "trial_name": "Subj11_walk_27_segment_1",
  "num_frames": 2000,
  "timestep": 0.009998321302669129,
  "frame_rate": 100.01678979180659,
  "duration_seconds": 19.996642605338256
}