{
  "trial_index": 32,
  "trial_name": "Subj10_walk_45_segment_1",
  "num_frames": 2000,
  "timestep": 0.009998373719303951,
  "frame_rate": 100.01626545217958,
  "duration_seconds": 19.9967474386079
}