{
  "trial_index": 18,
  "trial_name": "DM_wpgait_17_segment_0",
  "num_frames": 752,
  "timestep": 0.004993351063829787,
  "frame_rate": 200.26631158455393,
  "duration_seconds": 3.755
}