{
  "trial_index": 38,
  "trial_name": "Subj05_walk_45_segment_3",
  "num_frames": 137,
  "timestep": 0.009998370539351474,
  "frame_rate": 100.01629726205998,
  "duration_seconds": 1.369776763891152
}