{
  "trial_index": 2,
  "trial_name": "DM_mtgait_4_segment_1",
  "num_frames": 361,
  "timestep": 0.004994400895856663,
  "frame_rate": 200.2242152466368,
  "duration_seconds": 1.8029787234042551
}