{
  "trial_index": 32,
  "trial_name": "jw_wpgait_ln4_segment_0",
  "num_frames": 301,
  "timestep": 0.008312591362126245,
  "frame_rate": 120.29942967679021,
  "duration_seconds": 2.50209
}