{
  "trial_index": 12,
  "trial_name": "DM_tsgait_6_segment_0",
  "num_frames": 676,
  "timestep": 0.004992603550295858,
  "frame_rate": 200.29629629629628,
  "duration_seconds": 3.3750000000000004
}