{
  "trial_index": 37,
  "trial_name": "Subj10_walk_54_segment_2",
  "num_frames": 1797,
  "timestep": 0.00999827496981197,
  "frame_rate": 100.01725327812287,
  "duration_seconds": 17.96690012075211
}