{
  "trial_index": 25,
  "trial_name": "Subj05_walk_18_segment_2",
  "num_frames": 2000,
  "timestep": 0.009998640195811804,
  "frame_rate": 100.01359989120087,
  "duration_seconds": 19.997280391623608
}