{
  "trial_index": 25,
  "trial_name": "Subj12_walk_18_segment_0",
  "num_frames": 2000,
  "timestep": 0.009998366546880104,
  "frame_rate": 100.01633719980396,
  "duration_seconds": 19.996733093760206
}