{
  "trial_index": 20,
  "trial_name": "Subj05_walk_09_segment_0",
  "num_frames": 2000,
  "timestep": 0.009998350379412735,
  "frame_rate": 100.0164989275697,
  "duration_seconds": 19.99670075882547
}