{
  "trial_index": 10,
  "trial_name": "jw_tsgait_10_segment_0",
  "num_frames": 620,
  "timestep": 0.004991935483870968,
  "frame_rate": 200.32310177705978,
  "duration_seconds": 3.095
}