{
  "trial_index": 37,
  "trial_name": "Subj11_walk_54_segment_2",
  "num_frames": 1932,
  "timestep": 0.009998314227916385,
  "frame_rate": 100.01686056314281,
  "duration_seconds": 19.316743088334455
}