{
  "trial_index": 32,
  "trial_name": "Subj11_walk_45_segment_0",
  "num_frames": 2000,
  "timestep": 0.00999832327297116,
  "frame_rate": 100.01677008217341,
  "duration_seconds": 19.99664654594232
}