{
  "trial_index": 33,
  "trial_name": "jw_wpgait_ln5_segment_0",
  "num_frames": 273,
  "timestep": 0.008302820512820512,
  "frame_rate": 120.44099935147155,
  "duration_seconds": 2.26667
}