{
  "trial_index": 21,
  "trial_name": "Subj09_walk_09_segment_1",
  "num_frames": 2000,
  "timestep": 0.009998310239945928,
  "frame_rate": 100.01690045631233,
  "duration_seconds": 19.996620479891856
}