{
  "trial_index": 33,
  "trial_name": "Subj12_walk_36_segment_1",
  "num_frames": 2000,
  "timestep": 0.009998340524394292,
  "frame_rate": 100.01659751037344,
  "duration_seconds": 19.996681048788584
}