{
  "trial_index": 35,
  "trial_name": "Subj07_walk_54_segment_0",
  "num_frames": 2000,
  "timestep": 0.009998396150761828,
  "frame_rate": 100.01604106512673,
  "duration_seconds": 19.996792301523655
}