{
  "trial_index": 37,
  "trial_name": "Subj04_walk_45_segment_0",
  "num_frames": 2000,
  "timestep": 0.00999853907962016,
  "frame_rate": 100.01461133839861,
  "duration_seconds": 19.99707815924032
}