{
  "trial_index": 54,
  "trial_name": "jw_wpgait_sw7_segment_0",
  "num_frames": 294,
  "timestep": 0.008311904761904763,
  "frame_rate": 120.30936694356916,
  "duration_seconds": 2.4437000000000006
}