{
  "trial_index": 36,
  "trial_name": "Subj06_walk_54_segment_0",
  "num_frames": 2000,
  "timestep": 0.009998315647633484,
  "frame_rate": 100.016846361186,
  "duration_seconds": 19.99663129526697
}