{
  "trial_index": 38,
  "trial_name": "jw_wpgait_lw4_segment_0",
  "num_frames": 268,
  "timestep": 0.008309179104477612,
  "frame_rate": 120.34883198764179,
  "duration_seconds": 2.2268600000000003
}