{
  "trial_index": 42,
  "trial_name": "Subj05_walk_54_segment_3",
  "num_frames": 187,
  "timestep": 0.009998383707774365,
  "frame_rate": 100.01616553507922,
  "duration_seconds": 1.8696977533538062
}