{
  "trial_index": 29,
  "trial_name": "Subj05_walk_27_segment_2",
  "num_frames": 1875,
  "timestep": 0.009998297872340425,
  "frame_rate": 100.01702417432755,
  "duration_seconds": 18.746808510638296
}