{
  "trial_index": 41,
  "trial_name": "Subj05_walk_54_segment_2",
  "num_frames": 2000,
  "timestep": 0.009998383707774365,
  "frame_rate": 100.01616553507922,
  "duration_seconds": 19.996767415548728
}