{
  "trial_index": 20,
  "trial_name": "Subj06_walk_09_segment_1",
  "num_frames": 2000,
  "timestep": 0.009998318479905835,
  "frame_rate": 100.016818028927,
  "duration_seconds": 19.99663695981167
}