{
  "trial_index": 18,
  "trial_name": "DM_ngait_og7_segment_0",
  "num_frames": 313,
  "timestep": 0.008306709265175719,
  "frame_rate": 120.38461538461539,
  "duration_seconds": 2.6
}