{
  "trial_index": 24,
  "trial_name": "Subj10_walk_18_segment_2",
  "num_frames": 1929,
  "timestep": 0.00999831337493675,
  "frame_rate": 100.01686909581647,
  "duration_seconds": 19.286746500252992
}