{
  "trial_index": 15,
  "trial_name": "walking1_segment_0",
  "num_frames": 143,
  "timestep": 0.009930069930069929,
  "frame_rate": 100.70422535211269,
  "duration_seconds": 1.4199999999999997
}