{
  "trial_index": 35,
  "trial_name": "Subj10_walk_54_segment_0",
  "num_frames": 2000,
  "timestep": 0.00999827496981197,
  "frame_rate": 100.01725327812287,
  "duration_seconds": 19.99654993962394
}