{
  "trial_index": 19,
  "trial_name": "walking3_segment_0",
  "num_frames": 141,
  "timestep": 0.009929078014184396,
  "frame_rate": 100.71428571428572,
  "duration_seconds": 1.4
}