{
  "trial_index": 31,
  "trial_name": "jw_wpgait_ln2_segment_0",
  "num_frames": 306,
  "timestep": 0.008313039215686274,
  "frame_rate": 120.29294871038884,
  "duration_seconds": 2.54379
}