{
  "trial_index": 8,
  "trial_name": "DM_ngait_13_segment_0",
  "num_frames": 553,
  "timestep": 0.00499401913875598,
  "frame_rate": 200.23952095808386,
  "duration_seconds": 2.761692583732057
}