{
  "trial_index": 33,
  "trial_name": "SC_wpgait_l8_segment_0",
  "num_frames": 271,
  "timestep": 0.008302583025830259,
  "frame_rate": 120.44444444444444,
  "duration_seconds": 2.25
}