{
  "trial_index": 22,
  "trial_name": "Subj10_walk_18_segment_0",
  "num_frames": 2000,
  "timestep": 0.00999831337493675,
  "frame_rate": 100.01686909581647,
  "duration_seconds": 19.9966267498735
}