{
  "trial_index": 29,
  "trial_name": "jw_ngait_og5_segment_0",
  "num_frames": 246,
  "timestep": 0.008299471544715447,
  "frame_rate": 120.48959920065437,
  "duration_seconds": 2.04167
}