{
  "trial_index": 23,
  "trial_name": "walkingTS4_segment_0",
  "num_frames": 156,
  "timestep": 0.009935897435897437,
  "frame_rate": 100.64516129032256,
  "duration_seconds": 1.5500000000000003
}