{
  "trial_index": 18,
  "trial_name": "walkingTS1_segment_0",
  "num_frames": 142,
  "timestep": 0.009929577464788732,
  "frame_rate": 100.70921985815603,
  "duration_seconds": 1.41
}