{
  "trial_index": 34,
  "trial_name": "Subj10_walk_45_segment_3",
  "num_frames": 149,
  "timestep": 0.009998373719303951,
  "frame_rate": 100.01626545217958,
  "duration_seconds": 1.4897576841762887
}