{
  "trial_index": 35,
  "trial_name": "jw_wpgait_ln7_segment_0",
  "num_frames": 292,
  "timestep": 0.008304794520547944,
  "frame_rate": 120.41237113402063,
  "duration_seconds": 2.425
}