{
  "trial_index": 37,
  "trial_name": "jw_wpgait_lw1_segment_0",
  "num_frames": 312,
  "timestep": 0.008306634615384615,
  "frame_rate": 120.38569725312252,
  "duration_seconds": 2.5916699999999997
}