{
  "trial_index": 25,
  "trial_name": "Subj06_walk_18_segment_3",
  "num_frames": 1802,
  "timestep": 0.009998718277364779,
  "frame_rate": 100.01281886937572,
  "duration_seconds": 18.01769033581133
}