{
  "trial_index": 40,
  "trial_name": "jw_wpgait_lw6_segment_0",
  "num_frames": 257,
  "timestep": 0.00830089494163424,
  "frame_rate": 120.468938232716,
  "duration_seconds": 2.13333
}