{
  "trial_index": 34,
  "trial_name": "Subj11_walk_45_segment_2",
  "num_frames": 1964,
  "timestep": 0.00999832327297116,
  "frame_rate": 100.01677008217341,
  "duration_seconds": 19.636706908115357
}