{
  "trial_index": 15,
  "trial_name": "DM_wpgait_11_segment_0",
  "num_frames": 578,
  "timestep": 0.0049913494809688584,
  "frame_rate": 200.34662045060657,
  "duration_seconds": 2.8850000000000002
}