{
  "trial_index": 26,
  "trial_name": "Subj10_walk_27_segment_1",
  "num_frames": 2000,
  "timestep": 0.009998300764655904,
  "frame_rate": 100.01699524133242,
  "duration_seconds": 19.99660152931181
}