{
  "trial_index": 34,
  "trial_name": "SC_wpgait_s1_segment_0",
  "num_frames": 263,
  "timestep": 0.008301634980988595,
  "frame_rate": 120.45819917282314,
  "duration_seconds": 2.18333
}