{
  "trial_index": 21,
  "trial_name": "Subj06_walk_09_segment_2",
  "num_frames": 1947,
  "timestep": 0.009998318479905835,
  "frame_rate": 100.016818028927,
  "duration_seconds": 19.46672608037666
}