{
  "trial_index": 19,
  "trial_name": "DM_wpgait_9_segment_0",
  "num_frames": 543,
  "timestep": 0.004994117647058823,
  "frame_rate": 200.23557126030624,
  "duration_seconds": 2.711805882352941
}