{
  "trial_index": 24,
  "trial_name": "Subj11_walk_09_segment_3",
  "num_frames": 65,
  "timestep": 0.009998351195383346,
  "frame_rate": 100.01649076517151,
  "duration_seconds": 0.6498928276999175
}