{
  "trial_index": 14,
  "trial_name": "SC_mtpgait2_segment_0",
  "num_frames": 247,
  "timestep": 0.008299595141700405,
  "frame_rate": 120.48780487804878,
  "duration_seconds": 2.05
}