{
  "trial_index": 23,
  "trial_name": "walkingTS2_segment_0",
  "num_frames": 157,
  "timestep": 0.009936305732484076,
  "frame_rate": 100.64102564102564,
  "duration_seconds": 1.56
}