{
  "trial_index": 22,
  "trial_name": "walkingTS3_segment_0",
  "num_frames": 170,
  "timestep": 0.009941176470588235,
  "frame_rate": 100.59171597633137,
  "duration_seconds": 1.69
}