{
  "trial_index": 22,
  "trial_name": "SC_ngait_og9_segment_0",
  "num_frames": 286,
  "timestep": 0.008304195804195804,
  "frame_rate": 120.42105263157895,
  "duration_seconds": 2.375
}