{
  "trial_index": 26,
  "trial_name": "Subj06_walk_27_segment_0",
  "num_frames": 2000,
  "timestep": 0.009998334166250207,
  "frame_rate": 100.01666111296235,
  "duration_seconds": 19.996668332500416
}