{
  "trial_index": 36,
  "trial_name": "Subj11_walk_54_segment_1",
  "num_frames": 2000,
  "timestep": 0.009998314227916385,
  "frame_rate": 100.01686056314281,
  "duration_seconds": 19.99662845583277
}