{
  "trial_index": 17,
  "trial_name": "DM_wpgait_13_segment_0",
  "num_frames": 561,
  "timestep": 0.004993997599039616,
  "frame_rate": 200.2403846153846,
  "duration_seconds": 2.8016326530612243
}