{
  "trial_index": 11,
  "trial_name": "DM_mtpgait2_segment_0",
  "num_frames": 415,
  "timestep": 0.008313253012048194,
  "frame_rate": 120.28985507246375,
  "duration_seconds": 3.45
}