{
  "trial_index": 34,
  "trial_name": "jw_wpgait_ln6_segment_0",
  "num_frames": 291,
  "timestep": 0.008304707903780068,
  "frame_rate": 120.41362701568688,
  "duration_seconds": 2.41667
}