{
  "trial_index": 25,
  "trial_name": "Subj08_walk_18_segment_3",
  "num_frames": 201,
  "timestep": 0.009998387356877922,
  "frame_rate": 100.01612903225806,
  "duration_seconds": 2.0096758587324626
}