{
  "trial_index": 16,
  "trial_name": "SC_mtpgait4_segment_0",
  "num_frames": 287,
  "timestep": 0.00830432055749129,
  "frame_rate": 120.41924358253543,
  "duration_seconds": 2.38334
}